# #Data,#Feat,Runtime
128,61,0.012712
141,61,0.012849
155,61,0.012981
168,61,0.013134
181,61,0.013210
195,61,0.013339
208,61,0.013448
222,61,0.013601
235,61,0.013697
248,61,0.013860
262,61,0.014067
275,61,0.014143
289,61,0.014302
302,61,0.014431
315,61,0.014572
329,61,0.014663
342,61,0.014767
356,61,0.015003
369,61,0.015123
382,61,0.015176
396,61,0.015321
409,61,0.015497
423,61,0.015608
436,61,0.015711
449,61,0.015864
463,61,0.016023
476,61,0.016166
490,61,0.016282
503,61,0.016495
516,61,0.016696
530,61,0.016844
543,61,0.016975
557,61,0.017179
570,61,0.017228
583,61,0.017426
597,61,0.017552
610,61,0.017707
624,61,0.017846
637,61,0.017998
650,61,0.018192
664,61,0.018265
