# #Data,#Feat,Runtime
128,8,0.012751
129,8,0.012796
149,8,0.012992
169,8,0.013148
189,8,0.013357
209,8,0.013578
228,8,0.013774
248,8,0.013900
268,8,0.014152
288,8,0.014381
308,8,0.014545
328,8,0.014736
347,8,0.014964
367,8,0.015167
387,8,0.015339
407,8,0.015556
427,8,0.016299
446,8,0.016172
466,8,0.016138
486,8,0.016407
506,8,0.016654
526,8,0.016924
546,8,0.017105
565,8,0.017353
585,8,0.017559
605,8,0.017768
625,8,0.017927
645,8,0.018134
664,8,0.018302
684,8,0.018578
704,8,0.018764
724,8,0.019001
744,8,0.019183
764,8,0.019371
783,8,0.019574
803,8,0.019774
823,8,0.020004
843,8,0.020248
863,8,0.020500
882,8,0.020621
902,8,0.020814
922,8,0.021044
942,8,0.021206
962,8,0.021446
982,8,0.021661
